<!DOCTYPE hibernate-configuration
    PUBLIC "-//Hibernate/Hibernate Configuration DTD//EN"
    "http://hibernate.sourceforge.net/hibernate-configuration-3.0.dtd">
<hibernate-configuration>
    <session-factory>
        <property name="dialect">org.hibernate.dialect.MySQLDialect</property> 
        <property name="connection.driver_class">com.mysql.jdbc.Driver</property> 
        <property name="connection.url">jdbc:mysql://localhost/mySSH</property> 
        <property name="connection.username">root</property> 
        <property name="connection.password">root</property>
        <property name="show_sql">true</property>
        <!-- Mapping files -->
        <mapping resource="com/gc/vo/User.hbm.xml"/>
    </session-factory>
</hibernate-configuration>
