<?xml version="1.0" encoding="UTF-8"?>
<!DOCTYPE beans PUBLIC "-//SPRING//DTD BEAN//EN" "http://www.springframework.org/dtd/spring-beans.dtd">
<beans>
      <bean id="messageSource" class="org.springframework.context.support.ResourceBundleMessageSource">         
        <property name="basename">
            <value>messages</value>
        </property>
    </bean>
     <bean id="localeResolver" class="org.springframework.web.servlet.i18n.AcceptHeaderLocaleResolver"></bean>

      <bean id="urlMapping" class="org.springframework.web.servlet.handler.SimpleUrlHandlerMapping">
        <property name="mappings">
            <props>
                <prop key="login.do">loginController</prop>
				<prop key="regedit.do">regeditController</prop>
				<prop key="release.do">releaseController</prop>
				<prop key="show.do">showController</prop>
            </props>
        </property>
    </bean>
    <bean id="viewResolver" class="org.springframework.web.servlet.view.InternalResourceViewResolver">
        <property name="viewClass">
            <value>org.springframework.web.servlet.view.InternalResourceView</value>
        </property> 
	   <property name="prefix">
            <value>/WEB-INF/jsp/</value>
        </property>
        <property name="suffix">
            <value>.jsp</value>
        </property>
    </bean>
    
    <bean id="loginController" class="com.gd.action.LoginController">
        <property name="commandClass">
            <value>com.gd.vo.User</value>
        </property>
        <property name="formView">
            <value>login</value>
        </property>
		<property name="successView">
            <value>release</value>
        </property>
		<property name="newsTypeDAO">
           <ref local="newsTypeDAO" />
       </property>
		<property name="login">
           <ref local="login" />
       </property>
	</bean>
	<bean id="regeditController" class="com.gd.action.RegeditController">
        <property name="regedit">
        	<ref bean="regedit"/>
     	</property>
		<property name="commandClass">
            <value>com.gd.vo.User</value>
        </property>
        <property name="formView">
            <value>regedit</value>
        </property>
		<property name="successView">
            <value>release</value>
        </property>
		<property name="newsTypeDAO">
           <ref local="newsTypeDAO" />
       </property>
	</bean>
	<bean id="releaseController" class="com.gd.action.ReleaseController">
        <property name="commandClass">
            <value>com.gd.vo.News</value>
        </property>
        <property name="formView">
            <value>Realse</value>
        </property>
		<property name="successView">
            <value>show</value>
        </property>
		<property name="release">
        	<ref bean="release"/>
     	</property>
<property name="newsDAO">
           <ref local="newsDAO" />
       </property>
	   <property name="newsTypeDAO">
           <ref local="newsTypeDAO" />
       </property>
	</bean>
	<bean id="showController" class="com.gd.action.ShowController">
		<property name="viewPage">
            <value>show</value>
        </property>
		<property name="newsDAO">
           <ref local="newsDAO" />
       </property>
	   <property name="newsTypeDAO">
           <ref local="newsTypeDAO" />
       </property>
	</bean>
	<bean id="regedit" class="com.gd.service.impl.RegeditImpl">
		<property name="userDao">
           <ref local="userDAO" />
       </property>	
	</bean>
	<bean id="release" class="com.gd.service.impl.ReleaseImpl">
		<property name="newsDao">
           <ref local="newsDAO" />
       </property>
		<property name="login">
           <ref local="login" />
       </property>

	</bean>
	
	<bean id="login" class="com.gd.service.impl.LoginImpl">
		<property name="userDAO">
           <ref local="userDAO" />
       </property>
	</bean>
	<bean id="dataSource"
       class="org.apache.commons.dbcp.BasicDataSource"
       destroy-method="close">
       <property name="driverClassName">
           <value>com.mysql.jdbc.Driver</value>
       </property>
       <property name="url">
           <value>jdbc:mysql://localhost/myNews</value>
       </property>
       <property name="username">
           <value>root</value>
       </property>
       <property name="password">
           <value>root</value>
       </property>
  </bean>
  <bean id="sessionFactory"
  	class="org.springframework.orm.hibernate3.LocalSessionFactoryBean">
       <property name="dataSource">
           <ref local="dataSource" />
       </property>
       <property name="mappingResources">
           <list>
              <value>com\gd\po\User.hbm.xml</value>
			  <value>com\gd\po\New.hbm.xml</value>
			  <value>com\gd\po\Newstype.hbm.xml</value>
			  <value>com\gd\po\Userauthor.hbm.xml</value>
           </list>
       </property>
       <property name="hibernateProperties">
	    <props>
	       <prop key="hibernate.dialect">org.hibernate.dialect.MySQLDialect</prop>
	       <prop key="hibernate.show_sql">true</prop>
	    </props>
	</property>
  </bean>
  <bean id="transactionManager"
  	class="org.springframework.orm.hibernate3.HibernateTransactionManager">
       <property name="sessionFactory">
           <ref local="sessionFactory" />
       </property>
  </bean>
  <bean id="userDAOProxy"
  	class="org.springframework.transaction.interceptor.TransactionProxyFactoryBean">
     <property name="transactionManager">
         <ref bean="transactionManager" />
     </property>
     <property name="target">
         <ref local="userDAO" />
     </property>
     <property name="transactionAttributes">
         <props>
            <prop key="create*">PROPAGATION_REQUIRED</prop>
			<prop key="update*">PROPAGATION_REQUIRED</prop>
			<prop key="delete*">PROPAGATION_REQUIRED</prop>
            <prop key="query*">PROPAGATION_REQUIRED,readOnly</prop>
         </props>
     </property>
   </bean>
  <bean id="userDAO" class="com.gd.dao.impl.UserDAOImpl">
       <property name="sessionFactory">
           <ref local="sessionFactory" />
       </property>
  </bean>
  <bean id="newsDAO" class="com.gd.dao.impl.NewsDAOImpl">
       <property name="sessionFactory">
           <ref local="sessionFactory" />
       </property>
  </bean>
  <bean id="newsTypeDAO" class="com.gd.dao.impl.NewsTypeDAOImpl">
       <property name="sessionFactory">
           <ref local="sessionFactory" />
       </property>
  </bean>
</beans>
