﻿<?xml version="1.0" encoding="UTF-8"?>
<!DOCTYPE beans PUBLIC "-//SPRING//DTD BEAN//EN" "http://www.springframework.org/dtd/spring-beans.dtd">
<beans>
    <bean id="messageSource" class="org.springframework.context.support.ResourceBundleMessageSource">         
        <property name="basename">
            <value>messages</value>
        </property>
    </bean>
     <bean id="localeResolver" class="org.springframework.web.servlet.i18n.AcceptHeaderLocaleResolver"></bean>

    <bean id="urlMapping" class="org.springframework.web.servlet.handler.SimpleUrlHandlerMapping">
        <property name="mappings">
            <props>
                <prop key="hellWorld.do">helloWorldAction</prop>

            </props>
        </property>
    </bean>
    <bean id="viewResolver" class="org.springframework.web.servlet.view.InternalResourceViewResolver">
        <property name="viewClass">
            <value>org.springframework.web.servlet.view.InternalResourceView</value>
<!--<value>org.springframework.web.servlet.view.JstlView</value>-->
        </property> 
	   <property name="prefix">
            <value>/WEB-INF/jsp/</value>
        </property>
        <property name="suffix">
            <value>.jsp</value>
        </property>
    </bean>
<bean id="helloWorldValidator" class="com.gc.action.HelloWorldValidator"/>
    <bean id="helloWorldAction" class="com.gc.action.HelloWorldAction">
     <property name="commandClass">
            <value>com.gc.action.HelloWorld</value>
        </property>
<property name="validator"> 
            <ref bean="helloWorldValidator"/> 
        </property>

        <property name="formView">
            <value>index</value>
        </property>
</bean>

</beans>
